DATE,YardCpu
1597223697000,51.6713848235
1597224597000,38.4181630667
1597225497000,32.3329151556
1597226397000,27.4812795556
1597227297000,28.5141262
1597228197000,27.5389867111
1597229097000,27.9364384222
1597229997000,28.0381738667
1597230897000,29.7419285111
1597231797000,28.4506327111
1597232697000,28.2179785556
1597233597000,28.9675396667
1597234497000,30.2983366667
1597235397000,30.2661409556
1597236297000,29.8836523556
1597237197000,30.2059644667
1597238097000,31.3805097333
1597238997000,30.8495645111
1597239897000,30.5649474
1597240797000,30.6218858222
1597241697000,32.4311247333
1597242597000,30.8613463778
1597243497000,31.1297243556
1597244397000,31.3533392889
1597245297000,33.0360116444
1597246197000,31.6152361556
1597247097000,30.5340892
1597247997000,30.9450068222
1597248897000,32.4427702889
1597249797000,31.2342600667
1597250697000,32.3503694667
1597251597000,32.9396674444
1597252497000,32.6574075111
1597253397000,30.9804457556
1597254297000,30.9974879778
1597255197000,31.9954730667
1597256097000,31.6646662667
1597256997000,30.8422972889
1597257897000,31.3262794889
1597258797000,31.0272613333
1597259697000,32.1422548444
1597260597000,31.6762092667
1597261498002,32.2591961111
1597262398002,31.5214987556
1597263298002,31.5516160444
1597264198002,30.5675754222
1597265098002,30.5511850889
1597265998002,30.8150053778
1597266898002,32.3886454
1597267798002,31.5327358889
1597268698002,32.7469362
1597269598002,31.7071460889
1597270498002,32.7564545111
1597271398002,32.1817163333
1597272298002,32.6550440222
1597273198002,33.4044188222
1597274098002,35.2374889778
1597274998002,31.5021473778
1597275898002,33.4822968667
1597276798002,34.2162599333
1597277698002,33.5702973111
1597278598002,32.1501719778
1597279498002,34.7437024444
1597280398002,36.7038728889
1597281296979,43.1306293333
1597282196979,42.3971541111
1597283096979,41.9130059778
1597283996979,43.7267258667
1597284883000,46.5577772444
1597285783000,46.1762226444
1597286683000,46.5730465333
1597287583000,44.8042662444
1597288483000,28.4463356
1597289383000,28.0774902889
1597290283000,29.0048192
1597291183000,27.7823076
1597292083000,28.8132606
1597292983000,28.5665230889
1597293883000,31.2989154222
1597294783000,30.3656452
1597295683000,30.9271186222
1597296583000,33.9470192
1597297483000,31.1134806444
1597298383000,33.5699424889
1597299283000,33.6076021778
1597300183000,34.3223190667
1597301083000,31.8384502222
1597301983000,32.4935239556
1597302883000,35.5711158667
1597303783000,30.9526589556
1597304683000,33.6125715111
1597305583000,35.3997347111
1597306483000,37.1149363333
1597307383000,39.1832541556
1597308283000,34.2015419111
1597309183000,34.7738209778
1597310083000,36.1344484222
1597310983000,37.4280428
1597311883000,37.5505104444
1597312783000,37.3658617556
1597313683000,37.2590256
1597314583000,36.9894547333
1597315483000,36.8694459778
1597316383000,36.7312854889
1597317283000,37.3545096444
1597318183000,38.2777106889
1597319083000,38.6349234
1597319983000,38.3694920222
1597320883000,38.8285919333
1597321783000,38.0008721556
1597322683000,37.1389110222
1597323583000,37.6600638667
1597324483000,39.617702
1597325383000,36.3951346222
1597326283000,36.5408874222
1597327183000,36.6625212222
1597328084001,37.2537359333
1597328984001,37.0770043778
1597329884001,36.9437310667
1597330784001,36.452172
1597331684001,36.7603090222
1597332584001,35.7816681556
1597333484001,35.2159361333
1597334384001,34.3057226222
1597335284001,35.8838326667
1597336184001,34.9256494667
1597337084001,34.7240856222
1597337984001,34.6359467778
1597338884001,35.1718031333
1597339784001,33.6454214222
1597340684001,34.0590093333
1597341584001,34.1419211556
1597342484001,35.0041342222
1597343384001,33.9269134667
1597344284001,33.7876293556
1597345184001,34.0918291333
1597346084001,34.5101474222
1597346984001,33.9921044
1597347884001,34.1803559111
1597348784001,33.2787622444
1597349684001,34.4621555111
1597350584001,33.5688696444
1597351484001,33.5082006444
1597352384001,34.0045054444
1597353284001,35.0575057111
1597354184001,34.0973214444
1597355084001,34.2857369556
1597355984001,34.2921206444
1597356884001,35.1533992889
1597357784001,35.6646436889
1597358684001,37.1190287333
1597359584001,39.1534986
1597360484001,40.3873081111
1597361384001,39.4008268667
1597362284001,43.9477410667
1597363184001,48.4731762667
1597364084001,47.9602995111
1597364984001,46.8167251333
1597365884001,51.1673526444
1597366784001,51.7058889778
1597367684001,62.8017374
1597368584001,57.9053569333
1597369484001,52.2407608222
1597370384001,48.5456917556
1597371283000,50.4600213333
1597372183000,52.1249574889
1597373083000,45.6917238889
1597373983000,41.3257328222
1597374883000,41.5141943333
1597375783000,41.2227332222
1597376683000,40.0415232444
1597377583000,39.9066437556
1597378483000,42.1105987778
1597379383000,40.231721
1597380283000,40.8571743556
1597381183000,41.2690124667
1597382083000,42.3825162
1597382983000,41.8564633111
1597383883000,41.5699469778
1597384783000,40.9171522222
1597385683000,42.1397936444
1597386583000,41.2223145111
1597387483000,41.3809080222
1597388383000,41.1858290667
1597389283000,42.6302713556
1597390183000,41.3310562444
1597391083000,41.2060870222
1597391983000,40.8553106889
1597392883000,41.2207328222
1597393783000,41.4623146
1597394683000,41.0144516444
1597395583000,39.7435430889
1597396483000,39.9625467778
1597397383000,37.8652494
1597398283000,37.3390912
1597399183000,37.1194725556
1597400083000,37.0004284444
1597400983000,35.9900172444
1597401883000,35.5894544889
1597402783000,35.806712
1597403683000,36.8359729778
1597404583000,36.0374478
1597405483000,36.1875554
1597406383000,36.2475389778
1597407283000,37.3399471111
1597408183000,35.8221100444
1597409083000,35.6207184667
1597409983000,36.1334799111
1597410883000,37.1992894222
1597411783000,35.9388767556
1597412683000,36.0973082222
1597413583000,36.9085115111
1597414483000,37.1994197778
1597415383000,35.8287622222
1597416283000,37.9469339111
1597417183000,37.9039277333
1597418083000,40.8106304889
1597418983000,38.9524443778
1597419883000,38.0869531556
1597420783000,38.4531724222
1597421683000,39.0193846667
1597422583000,37.5296897778
1597423483000,37.8046905333
1597424383000,38.2539494667
1597425283000,38.6683488222
1597426183000,38.3580433556
1597427083000,37.5594703778
1597427983000,37.5176077778
1597428883000,38.1641420222
1597429783000,36.9100122889
1597430683000,36.7696243778
1597431583000,36.8364836667
1597432483000,37.8253969333
1597433383000,36.6991288889
1597434283000,36.5703354889
1597435183000,36.4253399333
1597436083000,37.4264086889
1597436983000,36.3483966667
1597437883000,37.3084750889
1597438783000,37.1089733333
1597439683000,38.4189459111
1597440583000,38.1628652889
1597441483000,37.2757338667
1597442383000,37.411977
1597443283000,38.8053775333
1597444183000,37.8228909333
1597445083000,38.3894251778
1597445983000,38.2159124444
1597446883000,39.9579184889
1597447783000,38.2530133111
1597448683000,38.8052124889
1597449583000,38.4532146222
1597450483000,37.4009186444
1597451383000,37.0382967111
1597452283000,38.065484
1597453183000,37.0905751333
1597454083000,39.2430996667
1597454983000,37.6496889778
1597455883000,38.7821471111
1597456783000,38.7670023556
1597457683000,39.2597154667
1597458583000,39.3099237556
1597459483000,38.8055149556
1597460383000,38.9142375111
1597461283000,40.2531655556
1597462183000,39.2484867778
1597463083000,38.6416632222
1597463983000,38.9156183333
1597464883000,39.9909044
1597465783000,38.7554941333
1597466683000,38.9600819556
1597467583000,38.8946420444
1597468483000,40.1929195556
1597469383000,40.1955610222
1597470283000,39.5239198889
1597471183000,39.9006565111
1597472083000,40.6765457778
1597472983000,38.9355748
1597473883000,39.2211386
1597474783000,38.7765232222
1597475683000,40.3426710222
1597476583000,39.4283738667
1597477483000,39.2636669778
1597478383000,39.6815696222
1597479283000,40.1384376667
1597480183000,39.2245673333
1597481083000,38.5442333778
1597481983000,38.9747260222
1597482883000,40.1414152444
1597483783000,39.3659204222
1597484683000,39.1689286667
1597485583000,39.1513458889
1597486483000,40.2501278667
1597487383000,39.3672668444
1597488283000,39.3627528667
1597489183000,39.8672798222
1597490083000,39.2974488
1597490983000,39.2927488
1597491883000,39.2731198222
1597492783000,39.3183993778
1597493683000,41.2559370667
1597494583000,39.4886282667
1597495483000,38.3211169778
1597496383000,39.8412596667
1597497283000,40.1815008222
1597498183000,39.2958250889
1597499083000,38.3670742
1597499983000,39.0129300444
1597500883000,39.6107022
1597501783000,39.2407988667
1597502683000,38.8428107111
1597503583000,38.9985874222
1597504484001,41.0606983778
1597505384001,39.2122888444
1597506284001,38.8817289778
1597507184001,38.6612126889
1597508084001,40.4628013778
1597508984001,38.6441127778
1597509884001,38.7652109778
1597510784001,39.0202662667
1597511684001,38.9722498222
1597512584001,38.5747796444
1597513484001,38.3579619778
1597514384001,38.0777058444
1597515284001,38.8225464889
1597516184001,37.7535234222
1597517084001,37.8313266222
1597517984001,37.7713634444
1597518884001,38.7412139111
1597519784001,37.2367547333
1597520684001,37.3089388667
1597521584001,37.6373854222
1597522484001,39.1693739778
1597523384001,37.1034466
1597524284001,37.3817785111
1597525184001,37.4971641111
1597526084001,38.5214733111
1597526984001,37.3602001333
1597527884001,37.3497325333
1597528784001,37.3321059778
1597529684001,38.6314978
1597530584001,37.4668211778
1597531484001,37.5330207556
1597532382985,38.5553071556
1597533282985,39.3431126889
1597534182985,38.9615359778
1597535082985,38.6881039778
1597535982985,38.3991691556
1597536882985,36.7645977111
1597537782985,36.7047800667
1597538683986,36.3421118222
1597539583986,37.5966968222
1597540483986,38.7485683111
1597541383986,36.4510628444
1597542283986,38.2817339111
1597543183986,37.9526640889
1597544084000,38.9189323778
1597544984000,38.2415293778
1597545884000,38.7917232444
1597546784000,38.6692429333
1597547684000,39.0588697556
1597548584000,38.655277
1597549484000,39.0345859556
1597550384000,38.2149837111
1597551284000,39.33061
1597552184000,38.496343
1597553084000,38.9105621333
1597553984000,39.1733864667
1597554884000,39.9605276222
1597555784000,39.7348492
1597556684000,39.4896684222
1597557584000,39.6900332889
1597558484000,40.1583653333
1597559384000,39.2007444222
1597560284000,39.3843055778
1597561184000,39.6602574667
1597562084000,40.4084753111
1597562984000,39.2846369556
1597563884000,39.8970684889
1597564784000,39.6308137778
1597565684000,39.4415074444
1597566584000,37.4963523778
1597567484000,39.9880226889
1597568384000,40.5285415111
1597569284000,41.3546255778
1597570184000,40.5626792444
1597571084000,39.1635976222
1597571984000,39.5668907556
1597572884000,39.5537280667
1597573784000,39.2517340889
1597574684000,40.0440550222
1597575584000,39.7879182222
1597576484000,40.1304157778
1597577384000,39.2120491778
1597578284000,39.4560874889
1597579184000,39.6479164
1597580084000,40.9743398667
1597580984000,41.2159698667
1597581884000,41.1137878889
1597582784000,41.2715962889
1597583684000,41.7425170444
1597584584000,40.5680170222
1597585484000,40.2589804
1597586384000,40.1404258444
1597587284000,39.9242369556
1597588184000,39.6048833556
1597589084000,39.5801889778
1597589984000,39.3141997111
1597590884000,40.4556331333
1597591784000,39.8070667333
1597592684000,40.0167372667
1597593584000,39.0427998889
1597594484000,41.1163828889
1597595384000,39.8729070667
1597596284000,39.2981198889
1597597184000,40.2563450222
1597598084000,40.6121793333
1597598984000,40.2004735778
1597599884000,39.4997226222
1597600784000,38.7628368
1597601684000,39.3090762889
1597602584000,38.4115845556
1597603484000,38.1888838222
1597604384000,38.1852993778
1597605284000,39.3920094889
1597606184000,37.7683681111
1597607084000,37.3667108889
1597607984000,37.9557866222
1597608884000,39.2597112222
1597609784000,38.8020674
1597610684000,39.3391349333
1597611584000,39.2663783111
1597612484000,40.0162785333
1597613384000,38.7991621333
1597614284000,38.7485750889
1597615184000,38.0939140667
1597616084000,39.6835708444
1597616984000,38.5903502222
1597617884000,39.0579040444
1597618784000,38.8073808444
1597619684000,40.7278618222
1597620584000,39.2688649111
1597621484000,39.8348488667
1597622384000,39.7414352
1597623284000,39.7924130222
1597624184000,38.5356400889
1597625084000,36.8549759111
1597625984000,38.6252434222
1597626884000,39.7834349111
1597627784000,38.0784968222
1597628684000,38.7612852444
1597629584000,38.9081051333
1597630484000,40.6375356222
1597631384000,39.8710899556
1597632284000,40.4174000667
1597633184000,40.1358563333
1597634084000,40.7617618
1597634984000,39.1407407556
1597635884000,38.9581037111
1597636784000,39.8758033778
1597637684000,40.9411785556
1597638584000,40.3845743778
1597639484000,40.2598514667
1597640384000,40.1399983111
1597641284000,41.6270737556
1597642184000,40.8641251778
1597643084000,41.2569023778
1597643684000,41.1567122593
1597644884000,41.783815
1597645784000,40.810101
1597646684000,42.2111004667
1597647584000,41.9222829556
1597648484000,42.6862920667
1597649384000,41.1784676889
1597650284000,41.0373810444
1597651184000,40.8438609778
1597652084000,41.8396936222
1597652984000,40.9247163333
1597653885002,40.7856290889
1597654785002,40.6965844222
1597655685002,41.7043696444
1597656585002,40.6826973778
1597657485002,40.9262842
1597658385002,40.8679622222
1597659285002,40.9504655333
1597660185002,40.8522144444
1597661085002,40.8310819556
1597661985002,40.7344159778
1597662885002,41.8128688667
1597663785002,40.0034156
1597664685002,39.4861438667
1597665585002,39.9615204222
1597666485002,41.8392801778
1597667385002,39.9743150667
1597668285002,40.5584428667
1597669185002,40.3272054
1597670085002,41.8423454667
1597670985002,40.6333715333
1597671885002,41.1343570667
1597672785002,40.2586770222
1597673685002,41.4272823333
1597674585002,40.2809994444
1597675485002,40.3669603333
1597676385002,40.5214937556
1597677285002,41.9347272444
1597678185002,41.0659030889
1597679085002,40.6810581556
1597679985002,40.4187864667
1597680885002,41.5012143556
1597681785002,40.211023
1597682685002,40.2032358667
1597683585002,40.0302800222
1597684485002,40.6379572222
1597685385002,39.6708757778
1597686285002,39.869742
1597687185002,39.9867027778
1597688085002,40.2308306889
1597688985002,40.0541341556
1597689885002,40.8561332667
1597690785002,40.6104162222
1597691685002,40.6850036667
1597692585002,40.1789300667
1597693485002,40.1114635778
1597694385002,40.2208494889
1597695285002,40.9984176444
1597696185002,40.2808881778
1597697085002,40.3411717556
1597697985002,40.3221850222
1597698885002,41.6417669333
1597699785002,40.6129519778
1597700685002,40.6157985333
1597701585002,40.7026964444
1597702485002,41.7757599333
1597703385002,41.9837913556
1597704284001,42.0361089778
1597705184001,41.7773128
1597706084001,42.5753152444
1597706984001,41.9697651111
1597707884001,42.2431636889
1597708784001,42.2775683778
1597709684001,40.4218675778
1597710584001,40.6079435778
1597711484001,39.7275570889
1597712384001,40.9019751333
1597713284001,41.4285001556
1597714184001,41.7238032222
1597715084001,41.4732465333
1597715984001,41.6590809333
1597716884000,42.7206167333
1597717784000,45.8324193111
1597718684000,48.0185194667
1597719584000,48.8036911333
1597720484000,50.0567126222
1597721384000,50.2111930889
1597722284000,50.2872277333
1597723184000,51.2496407556
1597724084000,51.5301997556
1597724984000,50.5644994
1597725884000,50.8385099333
1597726784000,50.7061229778
1597727684000,53.0222118
1597728584000,52.3913065333
1597729484000,53.3323442444
1597730384000,55.0545158667
1597731284000,54.9959503333
1597732184000,54.7299310222
1597733084000,55.7325458889
1597733984000,53.2569158444
1597734884000,54.5502278222
1597735784000,52.0122739111
1597736684000,54.0903548222
1597737584000,53.4174178
1597738484000,52.4810402444
1597739384000,52.6022768
1597740284000,46.5499316
1597741184000,44.9222583556
1597742084000,47.8540823333
1597742984000,45.3400287778
1597743884000,50.2013530667
1597744784000,51.9735352889
1597745684000,50.4038066222
1597746584000,50.1885098444
1597747484000,49.7971069333
1597748384000,50.1611640444
1597749284000,50.5358244667
1597750184000,49.7462055333
1597751084000,49.9706312222
1597751984000,50.5289750889
1597752884000,45.2802121333
1597753784000,42.4747432
1597754684000,41.6698474444
1597755584000,41.5350657778
1597756484000,43.0301345778
1597757384000,42.3160928889
1597758284000,41.8736036889
1597759184000,42.3425924222
1597760084000,42.9276956667
1597760984000,42.4992020222
1597761884000,41.9601694667
1597762784000,41.3674876
1597763684000,42.8156461556
1597764585001,41.6650930444
1597765485001,42.0195402667
1597766385001,41.8982121333
1597767285001,42.5781936444
1597768185001,40.6528545333
1597769085001,40.8150556444
1597769985001,40.5996273111
1597770885001,41.4624264444
1597771785001,40.8306996222
1597772685001,40.5776711111
1597773585001,40.5651118444
1597774485001,40.1606067778
1597775385001,39.9744958667
1597776285001,40.1957341333
1597777185001,40.4629892667
1597778085001,40.3544085333
1597778985001,39.5489366
1597779885001,40.1019332444
1597780785001,38.7296569111
1597781685001,40.6092599111
1597782585001,40.0031915778
1597783485001,40.3876428667
1597784385001,39.9691407778
1597785285001,40.4819590667
1597786185001,40.4969326444
1597787085001,39.8847689556
1597787985001,40.0645887778
1597788885001,41.7211675556
1597789785001,40.8638424667
1597790685001,40.8871088444
1597791585001,41.0285054889
1597792485001,42.3409240667
1597793385001,40.9625260667
1597794285001,41.6595744
1597795185001,42.1981104444
1597796085001,41.8697068444
1597796985001,43.4118756444
1597797885001,44.3972379778
1597798785001,46.0527268222
1597799685001,45.9497447333
1597800585001,46.1733600889
1597801485001,46.9906695556
1597802385001,47.9299430444
1597803284000,46.8586167556
1597804184000,47.5044638667
1597805084000,49.3723750444
1597805984000,49.6322627111
1597806884000,41.2792924222
1597807784000,30.9104701333
1597808684000,27.3199019778
1597809584000,26.4555640444
1597810484000,28.4897794667
1597811384000,27.9066057556
1597812284000,28.0387212222
1597813184000,27.7132235556
1597814084000,29.3600360444
1597814984000,28.4240971111
1597815884000,29.1337276667
1597816784000,28.3313801111
1597817684000,31.2152871111
1597818584000,28.2901358667
1597819484000,28.5793332444
1597820384000,28.5031931111
1597821284000,30.3910765778
1597822184000,30.3820368222
1597823084000,31.1192004222
1597823984000,30.3236071333
1597824884000,29.6182211111
1597825784000,28.8937131333
1597826684000,28.5102406889
1597827584000,28.9443750667
1597828484000,30.1951698889
1597829384000,28.5101979333
1597830284000,31.5628637556
1597831184000,28.320886
1597832084000,28.0945111333
1597832984000,27.0732875556
1597833884000,27.4104696444
1597834784000,28.0462680444
1597835684000,28.5666485111
1597836584000,27.9255642
1597837484000,28.7182883556
1597838384000,28.9351059111
1597839284000,30.0260456667
1597840184000,28.9509278222
1597841084000,29.0325394667
1597841984000,27.9610942667
1597842884000,28.6562629111
1597843784000,28.1606025333
1597844684000,27.9562312667
1597845584000,28.6795409333
1597846484000,29.5025668444
1597847384000,28.4860929111
1597848284000,28.9819088
1597849184000,28.7672554
1597850084000,30.1748088222
1597850984000,28.3784659111
1597851884000,28.5721183778
1597852784000,28.2192086222
1597853684000,29.3061284222
1597854584000,28.5355538889
1597855484000,28.1293754889
1597856384000,28.4716196222
1597857284000,28.9439432667
1597858184000,28.1027065333
1597859084000,28.1819353778
1597859984000,28.0169746444
1597860884000,29.8805557556
1597861784000,28.529555
1597862684000,28.5633572889
1597863584000,28.7563380667
1597864484000,30.2506003778
1597865384000,29.4858532222
1597866284000,29.5442654889
1597867184000,29.3099712667
1597868084000,30.3320681556
1597868984000,29.1932840444
1597869884000,30.1620562
1597870784000,30.0947186667
1597871684000,32.4793120222
1597872584000,31.2931818444
1597873484000,31.6480582444
1597874384000,31.4974561111
1597875284000,33.4356933778
1597876184000,33.1601977778
1597877084000,33.6084524889
1597877984000,33.9143287778
1597878884000,35.6326547778
1597879784000,34.5988676889
1597880684000,34.2406320444
1597881584000,35.5940039556
1597882484000,34.6169914
1597883384000,36.4334269111
1597884284000,38.5854198444
1597885184000,31.2292632
1597886084000,30.2866261556
1597886984000,27.5864285778
1597887884000,28.3022589111
1597888784000,28.0074429778
1597889685000,29.4132241556
1597890585000,29.0833216222
1597891485000,29.5267791556
1597892385000,30.0380683111
1597893285000,30.527511
1597894185000,28.8792308667
1597895085000,29.5691323333
1597895985000,29.8029478
1597896885000,32.1632547778
1597897785000,31.1057850889
1597898685000,33.2393188667
1597899585000,33.6955685556
1597900485000,36.1030412444
1597901385000,34.6571822222
1597902285000,35.1899730667
1597903185000,35.6743757333
1597904085000,38.1375047333
1597904985000,37.8812780444
1597905885000,38.9266218889
1597906785000,40.0439545556
1597907685000,41.2239060444
1597908585000,41.7676510444
1597909485000,42.9371618667
1597910385000,41.8280252
1597911285000,43.4022336222
1597912185000,41.2531362667
1597913085000,40.6867954889
1597913985000,40.3592061556
1597914885000,40.3817361556
1597915785000,39.4193739778
1597916685000,39.0639632222
1597917585000,39.0687286222
1597918485000,39.6362192667
1597919385000,38.4685077556
1597920285000,38.8231230889
1597921185000,38.2857699111
1597922085000,38.7504399111
1597922985000,39.0513740222
1597923885000,39.9966559111
1597924785000,39.1998447778
1597925685000,39.3889806889
1597926585000,39.0199849111
1597927485000,37.8868666
1597928385000,38.2341009556
1597929285000,39.2463957111
1597930186001,38.0674903111
1597931086001,37.5994405778
1597931986001,37.7907325333
1597932886001,37.8775503778
1597933786001,37.7694699333
1597934686001,37.7183643111
1597935586001,37.5849502
1597936486001,37.9408637778
1597937386001,36.6180151778
1597938286001,36.4901593333
1597939186001,36.9805052222
1597940086001,37.2025699333
1597940986001,36.1843974222
1597941886001,35.5736353556
1597942786001,36.6590174222
1597943686001,36.6307071778
1597944586001,35.8900048444
1597945486001,35.8014141333
1597946386001,35.8073439333
1597947286001,36.1459811111
1597948186001,35.7736918222
1597949086001,36.5012635556
1597949986001,35.8617336667
1597950886001,36.7154452444
1597951786001,35.4988404444
1597952686001,35.4243127111
1597953586001,35.2731163778
1597954486001,36.0850189333
1597955386001,35.4541084
1597956286001,35.7612835556
1597957186001,35.9448453556
1597958086001,36.5305260222
1597958986001,36.0867972889
1597959886001,36.2471932889
1597960786001,36.2940036444
1597961686001,37.3812630889
1597962586001,36.7750961778
1597963486001,36.1902462444
1597964386001,36.1099569333
1597965286001,37.0921075111
1597966186001,36.6519248222
1597967086001,36.7829579556
1597967986001,37.6196056667
1597968886001,37.5774974667
1597969786001,36.9112862222
1597970686001,40.1487948667
1597971586001,37.8709468
1597972486001,40.0960923778
1597973386001,39.6992324889
1597974286001,37.9975403556
1597975186001,40.9650675778
1597976085000,41.4721329333
1597976985000,41.3594925556
1597977885000,41.1000223556
1597978785000,41.4790296444
1597979685000,41.4308774667
1597980585000,40.3681274444
1597981485000,40.0831496444
1597982385000,40.0785084667
1597983285000,41.0083452222
1597984185000,40.3829221333
1597985085000,40.847378
1597985985000,39.8855098
1597986885000,41.0384689556
1597987785000,41.4269246667
1597988685000,41.5293966667
1597989585000,41.1974155556
1597990485000,42.0869564444
1597991385000,41.4556205111
1597992285000,41.1852848222
1597993185000,40.1891983333
1597994085000,40.7129236222
1597994985000,43.0527852
1597995885000,43.3887866667
1597996785000,42.6266779556
1597997685000,43.701839
1597998585000,43.7864949111
1597999485000,43.1021950667
1598000385000,42.9821068667
1598001285000,42.5322652222
1598002185000,39.1074965778
1598003085000,39.6885654222
1598003985000,39.0927369333
1598004885000,40.1361592667
1598005785000,39.2859605556
1598006685000,38.6045265556
1598007585000,38.3513592889
1598008485000,38.9828760222
1598009385000,37.9463007111
1598010285000,38.0853771556
1598011185000,38.0683738889
1598012085000,38.4032381111
1598012985000,37.3425370222
1598013885000,38.2263692444
1598014785000,36.7552739556
1598015685000,38.1559564
1598016585000,36.9767467778
1598017485000,37.1365908
1598018385000,35.8346814667
1598019285000,37.0823056222
1598020185000,36.2634544889
1598021085000,36.0084606
1598021985000,36.5465098222
1598022885000,37.7447410444
1598023785000,36.9299050222
1598024685000,37.5184889778
1598025585000,36.7216312889
1598026485000,37.0874922222
1598027385000,36.3803907556
1598028285000,36.1879193778
1598029185000,36.0888901556
1598030085000,36.4695400889
1598030985000,35.9761176444
1598031885000,35.9473925111
1598032785000,35.7850590667
1598033685000,36.2566517556
1598034585000,35.5493360667
1598035485000,35.7701293333
1598036385000,36.4818972
1598037285000,36.4111847333
1598038185000,35.8343783111
1598039085000,35.3976477333
1598039985000,35.4389426667
1598040885000,35.8793101111
1598041785000,35.5724626889
1598042685000,35.2946859333
1598043585000,35.8301489111
1598044485000,36.6319854444
1598045385000,36.2407772667
1598046285000,35.9950857333
1598047185000,36.2708249778
1598048085000,36.9584619333
1598048985000,36.4770586444
1598049885000,36.5625026444
1598050785000,36.5767466667
1598051685000,37.8475238667
1598052585000,37.0034152
1598053485000,36.8782210222
1598054385000,36.5424513778
1598055285000,35.8311582444
1598056185000,34.5157936222
1598057085000,35.8274160667
1598057985000,34.8054084222
1598058885000,35.1077887333
1598059785000,36.6056163333
1598060685000,35.1030987556
1598061585000,34.2400411778
1598062485000,35.7691892222
1598063385000,36.3761470222
1598064285000,36.3063495778
1598065185000,36.8514847778
1598066085000,37.5835506444
1598066985000,36.7201574889
1598067885000,36.7618324
1598068785000,37.4353195778
1598069685000,38.0330132667
1598070585000,36.5850693556
1598071485000,36.4428442
1598072385000,37.3114064444
1598073285000,36.6066335333
1598074185000,37.7157932
1598075085000,37.0846986667
1598075985000,38.3490729556
1598076885000,38.6352601111
1598077785000,37.7689043111
1598078685000,37.2635816889
1598079585000,36.4087500889
1598080485000,37.0619125111
1598081385000,35.4025070889
1598082285000,36.2367834444
1598083185000,36.0178724889
1598084085000,37.2437103556
1598084985000,36.8339729778
1598085885000,36.1305324667
1598086785000,36.2988415111
1598087685000,36.9673691556
1598088585000,36.4258392
1598089485000,36.5739830889
1598090385000,35.8933168222
1598091285000,36.1578130667
1598092185000,36.1262568667
1598093085000,36.4220785556
1598093985000,36.1592970222
1598094885000,37.0721560222
1598095785000,35.7324194222
1598096685000,36.5589011556
1598097585000,36.0504449333
1598098485000,36.9805090444
1598099385000,36.6288995333
1598100285000,36.4699302
1598101185000,36.5506704667
1598102085000,37.2530196667
1598102985000,36.6275140667
1598103885000,36.3535983111
1598104785000,36.5535042222
1598105685000,37.2848326889
1598106585000,36.6681347111
1598107485000,36.3309198222
1598108385000,36.8131380222
1598109285000,37.7578202222
1598110185000,36.1733545778
1598111085000,36.4329997556
1598111985000,36.2880488
1598112885000,37.9210624
1598113785000,37.1457245778
1598114685000,37.1865319333
1598115585000,36.7810697333
1598116485000,36.9447519333
1598117385000,36.1659084444
1598118285000,36.2234955556
1598119185000,35.851124
1598120085000,36.4372748222
1598120985000,36.5684843556
1598121885000,36.0942627778
1598122785000,35.5634835556
1598123685000,37.0077626
1598124585000,36.1178562222
1598125485000,35.7213684444
1598126385000,35.4814352889
1598127285000,36.4422113778
1598128185000,35.6388461556
1598129085000,34.8839485111
1598129985000,35.2755881111
1598130885000,36.4533155556
1598131785000,35.9295220444
1598132685000,36.0198564889
1598133585000,35.8786335556
1598134485000,36.7306310667
1598135385000,35.4162522667
1598136285000,35.9739607333
1598137185000,35.9986491556
1598138085000,36.6250779333
1598138985000,35.8650398889
1598139885000,35.2694943556
1598140785000,36.5273678667
1598141685000,34.2259522667
1598142585000,33.7075157556
1598143485000,34.8598724889
1598144385000,33.7349833333
1598145285000,34.3796703111
1598146185000,35.0996632
1598147085000,33.8977229778
1598147985000,32.6728567556
1598148886000,36.4358759111
1598149786000,35.7676215111
1598150686000,36.1908393111
1598151586000,35.7382036444
1598152486000,37.0655084889
1598153386000,36.4636683333
1598154286000,36.5529499556
1598155186000,36.6047662889
1598156086000,37.0195916444
1598156986000,36.5533062
1598157886000,36.7085058889
1598158786000,35.7408017778
1598159686000,35.8427906667
1598160586000,35.5855346222
1598161486000,34.9231032667
1598162386000,35.7347844222
1598163286000,37.2500598889
1598164186000,36.5507144889
1598165086000,37.1109395556
1598165986000,36.8114227778
1598166886000,37.2466397778
1598167786000,36.7747631778
1598168686000,36.8470228
1598169586000,37.0898025333
1598170486000,37.5142948889
1598171386000,37.0030904
1598172286000,37.5471002
1598173186000,37.011664
1598174086000,38.2487158
1598174986000,36.7680390889
1598175886000,37.6131265778
1598176786000,37.3550486222
1598177686000,38.7355866444
1598178586000,38.1330072222
1598179486000,38.2509315778
1598180386000,37.7916545556
1598181286000,39.4519064
1598182186000,37.4377736444
1598183086000,37.8560088889
1598183986000,37.5809809111
1598184886000,37.6589316222
1598185786000,37.1869700444
1598186686000,37.7167203778
1598187586000,37.5878801333
1598188486000,38.4938500222
1598189386000,37.4601811333
1598190286000,37.3529738444
1598191186000,37.7866177111
1598192086000,38.5188964222
1598192986000,37.7990379556
1598193886000,38.4173194222
1598194786000,37.1210346
1598195686000,38.5295662889
1598196586000,37.6048190889
1598197486000,37.5085377333
1598198386000,37.3117632667
1598199286000,38.0145001778
1598200186000,37.4075541778
1598201086000,37.5263216444
1598201986000,36.8478658
1598202886000,38.1966229333
1598203786000,36.6506231111
1598204686000,37.2223434889
1598205586000,35.7710621556
1598206486000,37.6079770444
1598207386000,36.2251761111
1598208286000,35.7736257556
1598209186000,36.4306641111
1598210086000,36.4275315111
1598210986000,36.1651264889
1598211886000,35.4553684889
1598212786000,35.9986210444
1598213686000,36.9029765778
1598214586000,36.197932
1598215486000,35.4842076444
1598216386000,35.9563724667
1598217286000,37.5169946444
1598218186000,36.1244724889
1598219086000,36.7593369778
1598219986000,36.5329815333
1598220886000,38.0240293778
1598221786000,37.8181840222
1598222686000,38.0393249778
1598223586000,37.3279372444
1598224486000,37.5382267111
1598225386000,36.6235907778
1598226286000,37.9027629778
1598227186000,37.6637716667
1598228086000,36.9362031778
1598228986000,36.0545425111
1598229886000,39.5834958444
1598230786000,38.6588692889
1598231686000,39.4410638889
1598232586000,40.4851880889
1598233486000,40.1795929556
1598234386000,39.4079244
1598235286000,42.1484166889
1598236186000,41.1009980667
1598237086000,43.4812989778
1598237986000,45.7075366222
1598238886000,46.2348142444
1598239786000,44.7716976444
1598240686000,45.0378943111
1598241586000,45.0621391333
1598242486000,45.2394469778
1598243386000,41.3170850889
1598244286000,40.7828295556
1598245186000,41.6757748444
1598246086000,41.9046477111
1598246986000,41.9058005778
1598247886000,45.223905
1598248786000,46.3314717333
1598249686000,42.2524649778
1598250586000,41.0452696444
1598251486000,40.3239447111
1598252386000,40.5168506667
1598253286000,41.5311001778
1598254186000,40.5219286
1598255086000,41.7148838889
1598255986000,41.2618677333
1598256886000,42.3471744222
1598257786000,41.5339663333
1598258686000,41.0197003778
1598259586000,41.4472668
1598260486000,41.4937762889
1598261386000,40.4317041111
1598262286000,39.6856497556
1598263186000,39.3896240667
1598264086000,40.1399098667
1598264986000,38.7394928
1598265886000,37.9812774
1598266786000,38.4966764222
1598267686000,39.4391272444
1598268586000,47.1274003556
1598269486000,44.6132745111
1598270386000,39.2361628222
1598271286000,39.2845700889
1598272186000,38.4446269111
1598273086000,38.8900428
1598273986000,38.6324267556
1598274886000,39.7144628889
1598275786000,38.7067208889
1598276686000,38.9705082889
1598277586000,38.5348044
1598278486000,39.2386003333
1598279386000,38.9193631333
1598280286000,38.6643320444
1598281186000,38.4786450222
1598282086000,39.5887509333
1598282986000,38.5128412
1598283886000,38.2680044
1598284786000,39.2467825333
1598285686000,41.4991210222
1598286586000,39.3762523556
1598287486000,39.6986678667
1598288386000,39.1384387778
1598289286000,40.0158526
1598290186000,38.8106442444
1598291086000,37.9908947333
1598291986000,38.3146871778
1598292886000,39.4302048667
1598293786000,37.4785173111
1598294686000,37.4291606444
1598295586000,37.2944422
1598296486000,37.9782705556
1598297386000,37.1035625778
1598298286000,37.5067534444
1598299186000,37.1410169111
1598300086000,37.8656901111
1598300986000,36.9611274667
1598301886000,37.4527872667
1598302786000,38.4653562222
1598303686000,39.8406821556
1598304586000,38.5883823556
1598305486000,38.9022392444
1598306386000,39.6706453556
1598307286000,41.2080979333
1598308186000,39.3587639778
1598309086000,40.1670347556
1598309986000,39.6938175111
1598310886000,41.8138711556
1598311786000,41.8220061111
1598312686000,41.0201059556
1598313586000,41.8907608444
1598314486000,41.5756837778
1598315386000,41.6321695333
1598316286000,42.8505370667
1598317186000,41.04464
1598318086000,44.1947193556
1598318986000,42.8166267556
1598319886000,43.2967009778
1598320786000,46.1202748889
1598321686000,45.8539268
1598322586000,45.7945871556
1598323486000,45.6829885333
1598324386000,44.0293940444
1598325286000,44.6534098667
1598326186000,43.6168608889
1598327086000,44.2714343556
1598327986000,44.5410589111
1598328886000,50.1518854222
1598329786000,44.4899338889
1598330686000,45.5657944222
1598331586000,44.5559542667
1598332486000,47.0672056667
1598333386000,46.6651349556
1598334286000,46.9782806
1598335186000,46.3091038
1598336086000,46.904224
1598336986000,45.3896954
1598337886000,44.6450907333
1598338786000,44.2696574889
1598339686000,45.8376636222
1598340586000,47.0930439556
1598341486000,49.0135109111
1598342386000,44.2639656
1598343286000,44.9066532667
1598344186000,43.1067591778
1598345086000,43.3324246667
1598345986000,44.1805444
1598346886000,43.6982811556
1598347786000,44.7694344889
1598348686000,43.3784212889
1598349586000,42.4361605556
1598350486000,43.1323821111
1598351386000,42.4619282
1598352286000,42.2494218667
1598353186000,42.2182130667
1598354086000,43.5230296
1598354986000,42.4883237111
1598355886000,42.6080815778
1598356786000,42.1508553778
1598357686000,41.9959488889
1598358586000,40.3842992444
1598359486000,40.5084819556
1598360386000,40.8166163333
1598361286000,41.5318557111
1598362186000,39.9108386444
1598363086000,40.3602054444
1598363986000,40.1304972444
1598364886000,40.3864068889
1598365786000,39.6117246222
1598366686000,39.7702070222
1598367586000,40.2960759111
1598368486000,40.4783978444
1598369386000,40.0901910667
1598370286000,39.1358525333
1598371186000,39.3391261111
1598372086000,39.5017719556
1598372986000,39.2021869556
1598373886000,38.7353354889
1598374786000,37.9117325556
1598375686000,38.7212869556
1598376586000,37.9327593111
1598377486000,38.3248712889
1598378386000,39.0277877333
1598379286000,39.5000263556
1598380186000,38.1275471556
1598381086000,37.4651534444
1598381986000,38.2255401556
1598382886000,39.0239576667
1598383786000,37.9395764889
1598384686000,37.5773850444
1598385586000,37.3945614667
1598386486000,38.1838964444
1598387386000,37.3796198
1598388286000,38.0694243778
1598389186000,38.3148255111
1598390086000,38.4353607778
1598390986000,37.9519875778
1598391886000,38.4799404667
1598392786000,38.9125941556
1598393686000,39.2203762889
1598394586000,38.2588390889
1598395486000,39.2811701556
1598396386000,38.9920408222
1598397286000,40.3566026889
1598398186000,39.4490163778
1598399086000,40.0932083333
1598399986000,40.1654629333
1598400886000,39.4495225556
1598401786000,40.2836863778
1598402686000,42.1671998667
1598403586000,40.3446578889
1598404486000,43.2419287333
1598405386000,44.1138811111
1598406286000,42.4097013333
1598407186000,42.5571445333
1598408087000,44.7768283111
1598408987000,42.6010308
1598409887000,43.7592540444
1598410787000,44.9573935111
1598411687000,45.6153731333
1598412587000,43.3444857333
1598413487000,43.8476108889
1598414387000,42.7665153111
1598415287000,44.2427254
1598416187000,42.9691187333
1598417087000,43.2443074444
1598417987000,42.2818584
1598418887000,44.5175815111
1598419787000,43.1288938889
1598420687000,43.2180501111
1598421587000,43.2829335778
1598422487000,43.4920767333
1598423387000,42.6971998222
1598424287000,43.0819402667
1598425187000,42.9341771778
1598426087000,44.1874892444
1598426987000,43.1651955778
1598427887000,42.9037602889
1598428787000,45.8449236
1598429687000,45.7019860667
1598430587000,44.6799052667
1598431487000,44.9553142889
1598432387000,43.7929641556
1598433287000,31.7165186444
1598434187000,25.7256282444
1598435087000,24.8156076889
1598435987000,24.0106043778
1598436887000,23.8502313556
1598437787000,24.6902084889
1598438687000,24.9731260222
1598439587000,24.7154632889
1598440487000,24.2733963111
1598441387000,23.6650556222
1598442287000,23.5855214222
1598443187000,23.8394679333
1598444087000,24.4748258444
1598444987000,23.8831684222
1598445887000,23.5209751333
1598446787000,23.7848975556
1598447687000,24.8613484444
1598448587000,24.0350753111
1598449487000,24.0827774444
1598450387000,23.5049582222
1598451287000,24.2981500222
1598452187000,23.5768354222
1598453087000,24.2795686
1598453987000,24.2400676222
1598454887000,25.2260776
1598455787000,24.5648283778
1598456687000,24.3065628444
1598457587000,24.3850394444
1598458487000,25.0492121111
1598459387000,23.7999476889
1598460287000,24.1785361556
1598461187000,23.7629455778
1598462087000,24.8731522667
1598462987000,23.8146566889
1598463887000,23.8151428889
1598464787000,24.0960458444
1598465687000,25.0871947556
1598466587000,24.1691952
1598467487000,24.2654305556
1598468387000,23.9051828
1598469287000,24.5710872222
1598470187000,23.6756358667
1598471087000,23.7992644
1598471987000,24.1367401556
1598472887000,25.2648417556
1598473787000,23.7262196222
1598474687000,24.3016707111
1598475587000,24.0748404111
1598476487000,25.5017451333
1598477387000,23.9787756667
1598478287000,24.1720338
1598479187000,24.3204081778
1598480087000,25.4686756
1598480987000,25.4114620444
1598481887000,25.3082718667
1598482787000,26.4846969333
1598483687000,26.3272766889
1598484587000,25.4829470444
1598485487000,25.6923919333
1598486387000,26.5687331111
1598487287000,26.5578463556
1598488187000,24.4302836
1598489087000,25.3406652222
1598489987000,25.7750664444
1598490887000,27.3003530667
1598491787000,28.3207873778
1598492687000,28.7565848667
1598493587000,27.9366559333
1598494487000,29.6174371111
1598495387000,29.5779208
1598496287000,29.0729224667
1598497187000,28.4874189333
1598498087000,30.0334324667
1598498987000,29.1084322667
1598499887000,29.0856792444
1598500787000,28.7072866
1598501687000,29.8960366444
1598502587000,28.6216659333
1598503487000,28.5474876222
1598504387000,29.2466006
1598505287000,31.4871829778
1598506187000,31.8023668222
1598507087000,31.8915115111
1598507987000,32.4269132667
1598508887000,33.1080394444
1598509787000,33.0893341111
1598510687000,33.3497484
1598511587000,32.7154478
1598512487000,33.6112649556
1598513387000,33.4015422222
1598514287000,34.1848609556
1598515187000,35.1383585333
1598516087000,37.2212013111
1598516987000,37.5702115111
1598517887000,38.9736941333
1598518787000,37.64021
1598519687000,38.0969188444
1598520587000,37.2482630667
1598521487000,37.5137820889
1598522387000,37.5704604889
1598523287000,39.0747695556
1598524187000,37.768727
1598525087000,38.0974402667
1598525987000,38.2066194222
1598526887000,40.8453495556
1598527787000,37.9275540444
1598528687000,37.2189002444
1598529587000,37.3901583333
1598530487000,38.7623357333
1598531387000,37.1529991556
1598532287000,37.0646890222
1598533187000,36.9061994444
1598534087000,37.7460468889
1598534987000,37.6417377556
1598535887000,37.0697471333
1598536787000,36.6621808
1598537687000,36.9532516667
1598538587000,37.3779562667
1598539487000,36.8674938444
1598540387000,37.8474613556
1598541287000,37.5218431778
1598542187000,36.6567252889
1598543087000,36.7699367556
1598543987000,37.0965834
1598544887000,37.7302406444
1598545787000,36.3524189778
1598546687000,36.1143016
1598547587000,36.1333096444
1598548487000,36.8378230667
1598549387000,35.7652834667
1598550287000,35.3585433111
1598551187000,35.9811095333
1598552087000,36.6880208444
1598552987000,35.9316546444
1598553887000,35.9864929111
1598554787000,35.7039110444
1598555687000,36.7710215333
1598556587000,36.4309016222
1598557487000,36.2513211778
1598558387000,35.7851335111
1598559287000,36.2612521333
1598560187000,35.6250364667
1598561087000,35.8097247333
1598561987000,36.1142091778
1598562887000,36.4671889778
1598563787000,36.1795918667
1598564687000,36.2090818
1598565587000,35.5733894
1598566487000,37.0873284444
1598567387000,36.5720531111
1598568287000,36.5922500889
1598569187000,36.9709213111
1598570087000,37.3176667778
1598570987000,37.2329549556
1598571887000,36.9258963111
1598572787000,37.9119571333
1598573687000,39.5459607556
1598574587000,39.5590952222
1598575487000,40.2935051556
1598576387000,38.4825239111
1598577287000,41.0747306667
1598578187000,38.3688268
1598579087000,36.7580328222
1598579987000,41.5866298
1598580887000,42.4788832667
1598581787000,42.4365190222
1598582687000,41.5643473333
1598583587000,40.6276271778
1598584487000,40.9139769778
1598585387000,40.8142657778
1598586287000,41.1207175778
1598587187000,40.8829715778
1598588087000,41.9277767556
1598588997000,39.918510814
1598589897000,40.3887237556
1598590797000,40.7105869333
1598591697000,42.6503041778
1598592581000,42.8995012619
1598593481000,39.9801724889
1598594381000,41.0186730222
1598595281000,42.0975927111
1598596181000,41.3703381333
1598597081000,41.2592959556
1598597981000,41.9321555556
1598598881000,44.3392577111
1598599781000,42.0101747111
1598600681000,41.6848794
1598601581000,41.3467983111
1598602481000,41.9271484889
1598603381000,39.8051686222
1598604281000,39.8460629111
1598605181000,40.6739106444
1598606081000,40.3488217111
1598606981000,38.4118718
1598607881000,37.3416192222
1598608781000,36.9610613778
1598609681000,37.5655310667
1598610581000,37.1835170667
1598611481000,37.9804744889
1598612381000,37.1620678
1598613281000,37.9851354222
1598614181000,36.7867748667
1598615081000,37.1221430667
1598615981000,37.1956236444
1598616881000,38.2283841333
1598617781000,37.0885802667
1598618681000,37.5992522889
1598619581000,37.6819961111
1598620481000,38.1185532
1598621381000,36.0505053556
1598622281000,36.9320108667
1598623181000,37.6824138222
1598624081000,37.6391673333
1598624981000,36.8295277556
1598625881000,36.9056148667
1598626781000,36.5894156444
1598627681000,37.6675172667
1598628581000,36.9410999333
1598629481000,36.7933229333
1598630381000,36.7916277778
1598631281000,37.3553529778
1598632181000,36.6205531778
1598633081000,36.3704956
1598633981000,36.5095038
1598634881000,37.0688156
1598635781000,35.0748736
1598636681000,35.7564658444
1598637581000,35.7787155556
1598638481000,36.5820778
1598639381000,35.2551797333
1598640281000,35.7653759333
1598641181000,35.2290321778
1598642081000,36.2944871333
1598642981000,35.2391690667
1598643881000,35.2431782222
1598644781000,34.9320635111
1598645681000,35.9142288
1598646581000,35.6937212222
1598647481000,35.6211303333
1598648381000,35.9796656222
1598649281000,36.6006862444
1598650181000,35.8724061556
1598651081000,35.8464250889
1598651981000,35.9376015556
1598652881000,36.9708784222
1598653781000,35.6568056444
1598654681000,35.8135039556
1598655581000,36.0390331778
1598656481000,37.1072562222
1598657381000,36.1669999556
1598658281000,36.3663292444
1598659181000,36.4103021778
1598660081000,35.0057952
1598660981000,34.2284443556
1598661881000,34.4559589778
1598662781000,33.6096004222
1598663681000,35.9720992
1598664581000,34.9937636
1598665481000,32.9797779778
1598666381000,35.8681174444
1598667288000,35.4900903478
1598668188000,36.3670798667
1598669088000,37.0408327111
1598669988000,36.4202938667
1598670888000,37.0493260889
1598671788000,36.9359064444
1598672688000,36.8896908222
1598673588000,36.5792201333
1598674488000,38.2578008889
1598675388000,36.0912470444
1598676288000,36.1605770222
1598677188000,36.1902941333
1598678088000,36.5985913111
1598678988000,37.2670556667
1598679888000,37.0539380667
1598680788000,37.0058460889
1598681688000,38.1452054889
1598682588000,37.1590633556
1598683488000,36.7691752667
1598684388000,36.8213529778
1598685288000,37.4114405111
1598686188000,36.4660226889
1598687088000,36.4310814889
1598687988000,36.5180546444
1598688888000,37.2253917333
1598689788000,36.2148444889
1598690688000,36.7879982889
1598691588000,36.2076180889
1598692488000,36.8135414222
1598693388000,36.3780682
1598694288000,36.4335072889
1598695188000,36.5811074
1598696088000,37.2863636667
1598696988000,37.0185198444
1598697888000,37.0384561778
1598698788000,37.5422879556
1598699688000,37.7356808222
1598700588000,36.7534078
1598701488000,36.9573522444
1598702388000,37.1438658
1598703288000,37.1525771111
1598704188000,36.8678272444
1598705088000,37.0844761778
1598705988000,36.6782925333
1598706888000,37.7017311333
1598707788000,36.7057887333
1598708688000,37.4941185111
1598709588000,36.4053595778
1598710488000,37.4634260889
1598711388000,36.1192821111
1598712288000,37.0730365333
1598713188000,36.6923976444
1598714088000,38.6577417111
1598714988000,37.3040278889
1598715888000,36.6406755111
1598716788000,36.9764522444
1598717688000,37.2010157333
1598718588000,36.3593891333
1598719488000,36.3909310667
1598720388000,36.6708707556
1598721288000,36.5898539333
1598722188000,36.1331181778
1598723088000,35.7876702222
1598723988000,35.3536839111
1598724888000,36.3576288444
1598725788000,35.1299276667
1598726688000,35.6477819333
1598727588000,36.1105531333
1598728488000,36.4538178222
1598729388000,35.9392855111
1598730288000,35.8790624222
1598731188000,35.5318628889
1598732088000,36.5311797111
1598732988000,35.9312837111
1598733888000,35.8409140889
1598734788000,35.6910746222
1598735688000,36.6068414
1598736588000,35.8155356222
1598737488000,36.1073964
1598738388000,35.7780129111
1598739288000,36.6655350889
1598740188000,36.6460525111
1598741088000,36.4286206222
1598741988000,36.5570897333
1598742888000,36.8712821111
1598743788000,37.1178710222
1598744688000,36.5286452
1598745588000,36.3780866444
1598746488000,34.7028788222
1598747388000,34.5409982667
1598748288000,35.4029734667
1598749188000,33.3325598667
1598750088000,35.8720706222
1598750988000,34.9948038
1598751888000,33.3034612444
1598752788000,34.9891215556
1598753688000,35.6016833778
1598754588000,35.9762845556
1598755488000,35.9995166667
1598756388000,35.6309328444
1598757288000,36.8300803778
1598758188000,36.1491328667
1598759088000,36.2116630667
1598759988000,36.3706711556
1598760888000,36.8110267111
1598761788000,35.5271929333
1598762688000,36.0874554
1598763588000,36.1207741556
1598764488000,36.366619
1598765388000,36.7023344444
1598766288000,36.3451765556
1598767188000,37.2389044667
1598768088000,37.8556964222
1598768988000,36.9298250444
1598769888000,36.6323034889
1598770788000,36.5298313556
1598771688000,37.2469410667
1598772588000,36.5222401333
1598773488000,36.9504310444
1598774388000,35.9457136444
1598775288000,37.6314564222
1598776188000,36.5607694222
1598777088000,36.8313413556
1598777988000,36.3791812222
1598778888000,37.4110912444
1598779788000,37.2847414889
1598780688000,37.1487736444
1598781588000,36.3940862667
1598782488000,37.7342327333
1598783388000,36.8020665778
1598784288000,36.6461684222
1598785188000,37.1936020222
1598786088000,37.4600391778
1598786988000,37.2418451333
1598787888000,37.4007578222
1598788788000,36.9398738222
1598789688000,37.8528631556
1598790588000,37.2393608444
1598791488000,37.0715293333
1598792388000,37.5576911778
1598793288000,37.6589207778
1598794188000,37.0954283556
1598795088000,36.6134363333
1598795988000,37.5207921111
1598796888000,37.8270330889
1598797788000,37.5147826667
1598798688000,37.4283260667
1598799588000,37.2483853333
1598800488000,38.3873174889
1598801388000,36.9047319778
1598802288000,37.3918358889
1598803188000,37.4122352222
1598804088000,37.8035560222
1598804988000,36.5350312
1598805888000,36.4547984222
1598806788000,36.4127041556
1598807688000,36.9464711778
1598808588000,35.924997
1598809488000,35.8441069778
1598810388000,36.0667756444
1598811288000,36.8933788889
1598812188000,36.2504867778
1598813088000,35.3825704889
1598813988000,35.9696773556
1598814888000,37.0119710667
1598815788000,36.3008018889
1598816688000,35.7460083333
1598817588000,35.5875313778
1598818488000,36.5886356
1598819388000,35.8876751111
1598820288000,36.0805586667
1598821188000,35.8895322667
1598822088000,37.1614920444
1598822988000,36.8233735556
1598823888000,36.7355474667
1598824788000,36.3088146889
1598825688000,37.6135706
1598826588000,36.7596536222
1598827488000,37.0636720889
1598828388000,37.1414481333
1598829288000,38.0352610444
1598830188000,37.2169297111
1598831088000,37.1500787778
1598831988000,37.3750864889
1598832888000,37.1889541111
1598833788000,36.1095566
1598834688000,38.3934173778
1598835588000,37.0305062
1598836488000,40.6161247556
1598837388000,38.3667456444
1598838288000,37.3916216667
1598839188000,38.9582412889
1598840088000,39.7021758889
1598840988000,39.4939323778
1598841888000,39.6153022444
1598842788000,39.4614441556
1598843688000,40.6261397333
1598844588000,39.1469440667
1598845488000,39.2224898889
1598846388000,38.9695056667
1598847288000,39.5964472667
1598848188000,40.7645832889
1598849088000,40.5069020667
1598849988000,41.4100876222
1598850888000,40.7454272667
1598851788000,40.8912824889
1598852688000,40.6799067556
1598853588000,41.0758948
1598854488000,41.8706053111
1598855388000,40.5696030667
1598856288000,40.6950538889
1598857188000,40.3052612889
1598858088000,41.4254174
1598858988000,40.2950343111
1598859888000,40.7686303556
1598860788000,40.070396
1598861688000,41.0671426889
1598862588000,40.1974393111
1598863488000,40.1280555111
1598864388000,41.0595540667
1598865288000,41.0038310444
1598866188000,39.4747987778
1598867088000,39.8269175778
1598867988000,39.1486063333
1598868888000,40.0962468889
1598869788000,39.0455708667
1598870688000,38.7235907111
1598871588000,39.1013984667
1598872488000,39.7333846444
1598873388000,38.9769155556
1598874288000,38.4483751111
1598875188000,39.2933450222
1598876088000,39.1681780222
1598876988000,38.0940699556
1598877888000,37.7162639333
1598878788000,37.9755067111
1598879688000,38.9087564444
1598880588000,38.2573338444
1598881488000,38.5375594889
1598882388000,37.8074403333
1598883288000,39.4821083778
1598884188000,37.8558136889
1598885088000,37.6072272667
1598885988000,38.0831560667
1598886888000,38.3717017111
1598887788000,38.8223947111
1598888688000,38.6315093333
1598889588000,38.5218257333
1598890488000,38.6242838667
1598891388000,37.5260436889
1598892289001,37.3856319333
1598893189001,37.9673086
1598894089001,38.3316955111
1598894989001,37.5850493333
1598895889001,37.3949812
1598896789001,36.7766346444
1598897689001,38.3034279111
1598898589001,37.2525783333
1598899489001,36.8522214444
1598900389001,37.3185941778
1598901289001,37.8759631778
1598902189001,36.8554796222
1598903089001,37.4249551778
1598903987993,37.4927070667
1598904887993,37.6676675333
1598905787993,37.6234314444
1598906687993,37.4607962444
1598907587993,36.8752684444
1598908487993,38.4204278889
1598909387993,38.0132078222
1598910287993,37.3624654444
1598911187993,37.7721246
1598912087993,38.6253234222
1598912987993,38.0334447111
1598913887993,38.0403261556
1598914787993,37.5598630222
1598915687993,39.336966
1598916587993,37.9308749556
1598917487993,38.3776839778
1598918387993,39.1984857556
1598919287993,38.6934094222
1598920187993,39.0634953333
1598921087993,40.4349519778
1598921987993,39.4524624222
1598922887993,42.1962537556
1598923787993,41.1534222667
1598924687993,40.9867035778
1598925587993,43.1926336
1598926488000,43.8605284667
1598927388000,42.0969052889
1598928288000,41.1947546444
1598929188000,41.3085398444
1598930088000,41.9548586889
1598930988000,40.9728845333
1598931888000,40.5326145111
1598932788000,40.1029953556
1598933688000,41.4450605111
1598934588000,40.5034845778
1598935488000,39.3751568444
1598936388000,39.8677277111
1598937288000,41.5592123556
1598938188000,41.2382669556
1598939088000,41.9251509111
1598939988000,40.7554117333
1598940888000,41.6071931111
1598941788000,41.0747361333
1598942688000,41.2726888
1598943588000,41.1250686889
1598944488000,42.8678730444
1598945388000,44.4046240222
1598946288000,43.3752352444
1598947188000,43.1283484444
1598948088000,43.9442248889
1598948988000,43.7095876222
1598949888000,42.6481288
1598950788000,42.6258211556
1598951688000,42.7315956889
1598952588000,39.4212790682
1598953488000,30.5450498
1598954388000,25.8907166
1598955288000,25.4066738
1598956188000,23.0915341778
1598957088000,22.5889854222
1598957988000,21.7944557222
1598958888000,22.1728367222
1598959788000,21.4201824222
1598960688000,21.7082731889
1598961589002,21.8813409222
1598962489002,22.7005391778
1598963389002,22.4267799778
1598964289002,22.1776912667
1598965189002,22.0390959889
1598966089002,23.0175024222
1598966989002,22.2526960222
1598967889002,22.2233042889
1598968789002,22.5787815111
1598969689002,22.8867336778
1598970587995,22.5119197667
1598971487995,22.4821486222
1598972387995,23.1247744444
1598973287995,23.9124567778
1598974187995,22.7363094444
1598975087995,22.8446658667
1598975987995,22.9011726
1598976887995,24.4522030556
1598977787995,22.7654599222
1598978687995,22.6645290667
1598979587995,23.0752760222
1598980487995,23.1481720667
1598981387995,22.5471880222
1598982287995,22.2132537
1598983187995,22.2583243778
1598984087995,22.5779027333
1598984987995,22.0879030444
1598985887995,21.8657832889
1598986787995,21.9587850222
1598987687995,22.7496749444
1598988587995,21.7575490333
1598989487995,22.1090148
1598990387995,22.4147886556
1598991287995,22.7004603778
1598992187995,22.6107434222
1598993087995,22.6357883444
1598993987995,22.6879461333
1598994887995,23.0964062889
1598995787995,22.6978520556
1598996687995,23.0219507111
1598997587995,23.0783267667
1598998487995,24.3323664889
1598999387995,23.5195910222
1599000287995,22.8032183778
1599001187995,23.6180012222
1599002087995,24.2589554
1599002987995,24.1756132556
1599003887995,23.9411774667
1599004787995,24.8266589778
1599005687995,24.3899585556
1599006588996,23.2587651111
1599007488996,23.6671935556
1599008388996,23.8441337111
1599009288996,25.4657902667
1599010188996,24.7647712222
1599011088996,24.6574417556
1599011988996,25.2442416667
1599012889000,27.2213893778
1599013789000,26.7642400444
1599014689000,27.0167618
1599015589000,26.4474628667
1599016489000,26.6598836667
1599017389000,24.8621811556
1599018289000,24.9001228667
1599019189000,24.6192251111
1599020089000,25.8190526444
1599020989000,25.6149609778
1599021889000,26.7405616
1599022789000,27.2534741333
1599023689000,28.6229606
1599024589000,28.1419360889
1599025489000,28.2442516889
1599026389000,28.2732853556
1599027289000,29.8807209556
1599028189000,29.0482727333
1599029089000,28.8512255778
1599029989000,29.5589110222
1599030889000,32.1255188667
1599031789000,34.5469609111
1599032689000,33.5355568444
1599033589000,32.6859943333
1599034489000,33.6050021111
1599035389000,33.5315234
1599036289000,32.3265642
1599037189000,32.0629259333
1599038089000,32.8602418
1599038989000,31.6926909778
1599039889000,31.1698738222
1599040789000,31.3167219111
1599041689000,31.4424498222
1599042589000,30.6092567111
1599043489000,30.0075522
1599044389000,29.8260819556
1599045289000,31.0667642667
1599046189000,35.5779815111
1599047089000,29.8227589778
1599047989000,30.5190137556
1599048889000,30.4498964
1599049789000,30.5336779778
1599050689000,29.8107273556
1599051589000,29.8988129778
1599052489000,32.0591982444
1599053389000,30.1607356444
1599054289000,30.0987333778
1599055189000,29.7086306667
1599056089000,30.8835431778
1599056989000,30.6497477556
1599057889000,30.6596507111
1599058789000,30.2539714444
1599059689000,32.8763326444
1599060589000,30.5110059556
1599061489000,30.9562598222
1599062389000,30.1032525333
1599063289000,31.4212216
1599064189000,30.1507250222
1599065089000,29.9540786889
1599065989000,29.7598301556
1599066889000,30.4332133111
1599067789000,30.2777973111
1599068689000,29.6665506222
1599069589000,30.0235190444
1599070489000,30.9953803111
1599071389000,30.0897640889
1599072289000,29.8061448
1599073189000,29.5859543778
1599074089000,31.1293480444
1599074989000,29.9448095111
1599075889000,29.3071125111
1599076789000,29.3523053333
1599077689000,30.2670246444
1599078589000,29.2719586
1599079489000,29.0211795111
1599080389000,29.7812591333
1599081289000,30.8066395556
1599082189000,29.9809328
1599083089000,30.1801778222
1599083989000,30.0940206667
1599084889000,31.0473699333
1599085789000,30.9118736889
1599086689000,30.3964698444
1599087589000,30.3276282
1599088489000,31.6847120667
1599089389000,32.0949423111
1599090289000,33.2864422667
1599091189000,35.3374825333
1599092089000,35.6114301333
1599092989000,35.1803917556
1599093889000,36.0552058889
1599094789000,35.2006443111
1599095689000,38.1102974222
1599096589000,38.1256034
1599097489000,36.2400378667
1599098389000,37.9843726
1599099289000,40.2322188444
1599100189000,38.71944
1599101089000,38.6430263111
1599101989000,36.7482505556
1599102889000,37.9272873556
1599103789000,37.8238047556
1599104689000,37.3142116222
1599105589000,37.7462954222
1599106489000,37.3690545556
1599107389000,37.1168781333
1599108289000,37.2576148667
1599109189000,37.2568686889
1599110089000,38.8774633556
1599110989000,36.3724872889
1599111889000,37.9225140667
1599112789000,37.4522362889
1599113689000,38.4942688
1599114589000,38.5358232889
1599115489000,38.4000128
1599116389000,37.929956
1599117289000,39.7645174
1599118189000,40.2947897556
1599119089000,39.0157294667
1599119989000,39.1262730889
1599120889000,40.0297458
1599121789000,38.8418566667
1599122689000,37.6363090222
1599123589000,37.7626257556
1599124189000,37.9491519333
